991,213
991,214
991,215
992,215
992,216
993,216
993,217
993,218
994,218
994,219
995,219
995,220
995,221
996,221
996,222
997,222
997,223
997,224
998,224
998,225
999,225
999,226
999,227
0,227
0,228
0,229
0,230
1,230
1,231
2,231
2,232
2,233
3,234
4,234
4,235
4,236
5,237
6,237
6,238
6,239
7,240
8,240
8,241
8,242
9,243
10,243
10,244
10,245
11,245
11,246
12,246
12,247
12,248
13,248
13,249
14,249
14,250
14,251
15,252
16,252
16,253
16,254
17,255
18,255
18,256
18,257
19,258
20,258
20,259
20,260
21,261
22,261
22,262
22,263
23,264
24,264
24,265
24,266
25,266
25,267
26,267
26,268
26,269
27,269
27,270
28,270
28,271
28,272
29,272
29,273
30,273
30,275
31,275
31,276
32,276
32,278
33,278
33,279
34,279
34,281
35,281
35,282
36,282
36,284
37,284
37,285
38,285
38,287
39,287
39,288
40,288
40,290
41,290
41,291
42,291
42,293
43,293
43,294
44,294
44,296
45,296
45,297
46,297
46,298
46,299
47,299
47,300
48,300
48,301
49,301
49,303
50,303
50,304
51,304
51,305
52,305
52,307
53,307
53,308
54,308
54,309
54,310
55,310
55,311
56,311
56,312
56,313
57,313
57,314
58,314
58,315
58,316
59,316
59,317
60,317
60,318
60,319
61,320
62,320
62,321
62,322
63,323
64,323
64,324
64,325
65,326
66,326
66,327
67,327
67,329
68,329
68,330
68,331
69,332
70,332
70,333
70,334
71,335
72,335
72,336
72,337
73,338
74,338
74,339
74,340
75,341
76,341
76,343
77,343
77,344
78,344
78,346
79,346
79,347
79,348
80,349
81,349
81,351
82,351
82,352
82,353
83,354
84,354
84,355
84,356
85,357
86,357
86,358
86,359
87,359
87,360
88,360
88,362
89,362
89,363
90,363
90,365
91,365
91,366
92,366
92,368
93,368
93,369
94,369
94,371
95,371
95,372
96,372
96,374
97,374
97,375
98,375
98,377
99,377
99,378
100,378
100,380
101,380
101,381
102,381
102,382
103,382
103,384
104,384
104,385
105,385
105,386
105,387
106,388
107,388
107,389
108,389
108,391
109,391
109,392
110,392
110,394
111,394
111,395
111,396
112,397
113,397
113,398
113,399
114,400
115,400
115,401
115,402
116,403
117,403
117,404
117,405
118,406
119,406
119,407
119,408
120,409
121,409
121,410
121,411
122,412
123,412
123,413
123,414
124,415
125,415
125,417
126,417
126,418
127,418
127,420
128,420
128,421
128,422
129,423
130,423
130,424
130,425
131,425
131,426
132,426
132,428
133,428
133,429
134,429
134,431
135,431
135,432
135,433
136,434
137,434
137,435
137,436
138,437
139,437
139,438
139,439
140,440
141,440
141,441
141,442
142,443
143,443
143,444
143,445
144,446
145,446
145,447
146,447
146,449
147,449
147,450
148,450
148,452
149,452
149,453
150,453
150,455
151,455
151,456
152,456
152,458
153,458
153,459
154,459
154,460
154,461
155,462
156,462
156,463
156,464
157,465
158,465
158,466
158,467
159,468
160,468
160,469
160,470
161,471
162,471
162,472
163,472
163,474
164,474
164,475
165,475
165,477
166,477
166,478
167,478
167,480
168,480
168,481
168,482
169,483
170,483
170,485
171,485
171,486
171,487
172,488
173,488
173,490
174,490
174,491
174,492
175,493
176,493
176,494
176,495
177,496
178,496
178,497
178,498
179,499
180,499
180,500
180,501
181,502
182,502
182,503
182,504
183,505
184,505
184,506
184,507
185,508
186,508
186,509
186,510
187,511
188,511
188,512
189,512
189,514
190,515
191,515
191,516
191,517
192,518
193,518
193,520
194,520
194,521
195,521
195,523
196,523
196,524
197,524
197,526
198,526
198,527
198,528
199,529
200,529
200,530
200,531
201,532
202,532
202,534
203,534
203,535
204,535
204,537
205,537
205,538
205,539
206,540
207,540
207,541
208,541
208,543
209,543
209,544
210,544
210,546
211,546
211,547
212,547
212,549
213,549
213,550
214,550
214,552
215,553
216,553
216,554
216,555
217,556
218,556
218,557
218,558
218,559
219,559
219,560
220,560
220,562
221,562
221,563
222,563
222,565
223,565
223,566
224,566
224,568
225,568
225,569
226,569
226,571
227,571
227,572
227,573
228,574
229,574
229,575
229,576
230,577
231,577
231,578
231,579
232,580
233,580
233,582
234,583
235,583
235,584
235,585
236,586
237,586
237,587
237,588
238,589
239,589
239,591
240,591
240,592
240,593
241,594
242,594
242,596
243,596
243,597
243,598
244,599
245,599
245,601
246,601
246,602
246,603
247,604
248,604
248,606
249,607
250,607
250,609
251,609
251,610
252,610
252,612
253,612
253,613
254,613
254,615
255,615
255,616
256,616
256,618
257,619
258,619
258,620
258,621
259,622
260,622
260,623
261,623
261,625
262,626
263,626
263,627
263,628
264,629
265,629
265,630
266,630
266,632
267,632
267,633
268,633
268,635
269,635
269,636
269,637
270,638
271,638
271,639
271,640
272,641
273,641
273,642
273,643
274,644
275,644
275,645
275,646
276,647
277,647
277,648
277,649
278,650
279,650
279,651
279,652
280,653
281,653
281,654
281,655
282,656
283,656
283,658
284,658
284,659
284,660
285,661
286,661
286,663
287,663
287,664
287,665
288,666
289,666
289,668
290,668
290,670
291,670
291,671
291,672
292,673
292,674
293,675
294,675
294,677
295,677
295,678
295,679
296,680
297,680
297,681
297,682
298,683
299,683
299,685
300,686
301,686
301,687
301,688
302,689
303,689
303,690
304,690
304,692
305,693
306,693
306,694
307,694
307,696
308,697
309,697
309,698
310,698
310,700
311,701
312,701
312,702
313,702
313,704
314,705
315,705
315,706
316,706
316,708
317,709
318,709
318,710
319,710
319,712
320,712
320,713
321,713
321,715
322,715
322,716
322,717
323,718
324,718
324,719
324,720
325,721
326,721
326,723
327,723
327,724
327,725
328,726
329,726
329,728
330,729
331,729
331,731
332,731
332,732
332,733
333,734
334,734
334,735
334,736
335,737
336,737
336,739
337,739
337,740
338,740
338,742
339,742
339,743
339,744
340,745
341,745
341,746
341,747
342,748
343,748
343,750
344,750
344,751
344,752
345,753
346,753
346,754
346,755
347,756
348,756
348,758
349,758
349,759
350,759
350,761
351,761
351,762
352,762
352,764
353,764
353,765
354,765
354,767
355,768
356,768
356,770
357,771
358,771
358,772
358,773
359,774
360,774
360,775
360,776
361,777
362,777
362,778
363,778
363,780
364,781
365,781
365,782
366,782
366,784
367,785
368,785
368,786
368,787
369,788
370,788
370,789
370,790
371,791
372,791
372,792
372,793
373,794
374,794
374,796
375,796
375,797
375,798
376,799
377,799
377,800
377,801
378,802
379,802
379,804
380,804
380,805
380,806
381,807
382,807
382,809
383,809
383,810
384,810
384,812
385,812
385,813
386,813
386,815
387,815
387,816
388,816
388,818
389,818
389,819
389,820
390,821
391,821
391,822
391,823
392,824
393,824
393,825
393,826
394,827
395,827
395,828
395,829
396,830
397,830
397,832
398,832
398,833
399,833
399,835
400,835
400,836
400,837
401,838
402,838
402,840
403,841
404,841
404,843
405,844
406,844
406,845
406,846
407,847
408,847
408,848
408,849
409,850
410,850
410,851
411,851
411,853
412,853
412,854
413,854
413,856
414,857
415,857
415,858
415,859
416,860
417,860
417,861
418,861
418,863
419,864
420,864
420,865
421,865
421,867
422,867
422,868
423,868
423,870
424,870
424,871
425,871
425,873
426,873
426,874
426,875
427,876
428,876
428,878
429,879
430,879
430,881
431,881
431,882
431,883
432,884
433,884
433,886
434,887
435,887
435,889
436,889
436,890
436,891
437,892
438,892
438,893
438,894
439,895
440,895
440,897
441,897
441,898
442,898
442,900
443,900
443,901
444,901
444,903
445,903
445,904
446,904
446,906
447,906
447,907
448,907
448,909
449,909
449,910
449,911
450,912
451,912
451,913
451,914
452,915
453,915
453,917
454,918
455,918
455,920
456,920
456,921
457,921
457,923
458,923
458,924
459,924
459,926
460,927
461,927
461,928
461,929
462,930
463,930
463,931
463,932
464,933
465,933
465,934
466,934
466,936
467,936
467,937
468,937
468,939
469,940
470,940
470,941
470,942
471,943
472,943
472,944
472,945
473,946
474,946
474,947
474,948
475,949
476,949
476,951
477,952
478,952
478,954
479,954
479,955
479,956
480,957
481,957
481,959
482,959
482,960
483,960
483,962
484,962
484,963
484,964
485,965
486,965
486,966
486,967
487,968
488,968
488,969
488,970
489,971
490,971
490,973
491,973
491,974
492,974
492,976
493,976
493,977
493,978
494,979
495,979
495,981
496,982
497,982
497,984
498,984
498,985
498,986
499,987
500,987
500,989
501,989
501,990
502,990
502,992
503,992
503,993
503,994
504,995
505,995
505,996
505,997
506,998
507,998
507,999
507,1000
509,0
509,1
510,1
510,3
511,3
511,4
512,4
512,6
513,6
513,7
514,7
514,9
515,9
515,10
516,10
516,12
517,12
517,13
518,13
518,15
519,16
520,16
520,17
520,18
521,19
522,19
522,20
523,20
523,22
524,22
524,23
525,23
525,24
525,25
526,26
527,26
527,28
528,28
528,29
529,29
529,30
530,30
530,31
530,32
531,32
531,33
532,33
532,35
533,35
533,36
533,37
534,38
535,38
535,39
535,40
536,41
537,41
537,43
538,44
539,44
539,46
540,47
541,47
541,49
542,49
542,50
543,50
543,52
544,52
544,53
544,54
545,55
546,55
546,56
546,57
547,58
548,58
548,60
549,60
549,61
550,61
550,63
551,63
551,64
552,64
552,66
553,66
553,67
553,68
554,69
555,69
555,71
556,71
556,72
556,73
557,74
558,74
558,75
558,76
559,76
559,77
560,77
560,79
561,79
561,80
562,80
562,82
563,82
563,83
564,83
564,85
565,85
565,86
566,86
566,88
567,88
567,89
568,89
568,91
569,91
569,92
570,92
570,94
571,94
571,95
571,96
572,97
573,97
573,98
574,98
574,100
575,100
575,101
576,101
576,103
577,104
578,104
578,105
578,106
579,107
580,107
580,108
580,109
581,110
582,110
582,111
582,112
583,113
584,113
584,115
585,115
585,116
586,116
586,118
587,118
587,119
587,120
588,121
589,121
589,122
589,123
590,124
591,124
591,125
591,126
592,127
593,127
593,128
593,129
594,130
595,130
595,131
595,132
596,133
597,133
597,134
597,135
598,136
599,136
599,137
600,137
600,139
601,139
601,140
602,140
602,142
603,142
603,143
604,143
604,144
605,144
605,145
605,146
606,147
607,147
607,149
608,149
608,150
608,151
609,152
610,152
610,154
611,154
611,155
611,156
612,157
613,157
613,158
613,159
614,160
615,160
615,161
615,162
616,163
617,163
617,164
617,165
618,166
619,166
619,167
619,168
620,169
621,169
621,171
622,171
622,172
623,172
623,174
624,174
624,175
625,175
625,177
626,177
626,178
627,178
627,179
627,180
628,181
629,181
629,182
629,183
630,184
631,184
631,185
631,186
632,186
632,187
633,187
633,189
634,189
634,190
634,191
635,192
636,192
636,193
636,194
637,195
638,195
638,196
638,197
639,197
639,198
640,198
640,199
640,200
641,201
642,201
642,202
642,203
643,203
643,204
644,204
644,206
645,206
645,207
646,207
646,209
647,209
647,210
647,211
648,212
649,212
649,213
649,214
650,215
651,215
651,216
651,217
652,218
653,218
653,219
653,220
654,221
655,221
655,222
655,223
656,224
657,224
657,225
657,226
658,227
659,227
659,228
659,229
660,229
660,230
661,230
661,232
662,232
662,233
662,234
663,235
664,235
664,236
664,237
665,238
666,238
666,239
666,240
667,241
668,241
668,242
669,242
669,244
670,244
670,245
671,245
671,247
672,247
672,248
673,248
673,250
674,250
674,251
675,251
675,253
676,253
676,254
676,255
677,256
678,256
678,257
678,258
679,259
680,259
680,260
680,261
681,261
681,262
682,262
682,264
683,264
683,265
684,265
684,267
685,267
685,268
685,269
686,270
687,270
687,271
687,272
688,273
689,273
689,275
690,275
690,276
691,276
691,278
692,278
692,279
692,280
693,281
694,281
694,282
694,283
695,284
696,284
696,285
696,286
697,287
698,287
698,288
698,289
699,290
700,290
700,291
700,292
701,293
702,293
702,294
703,294
703,296
704,296
704,297
705,297
705,298
705,299
706,300
707,300
707,301
708,301
708,302
708,303
709,304
710,304
710,305
710,306
711,307
712,307
712,308
712,309
713,310
714,310
714,312
715,312
715,313
716,313
716,315
717,315
717,316
717,317
718,318
719,318
719,319
719,320
720,321
721,321
721,322
721,323
722,324
723,324
723,325
723,326
724,327
725,327
725,328
725,329
726,330
727,330
727,332
728,332
728,333
728,334
729,335
730,335
730,336
730,337
731,338
732,338
732,339
732,340
733,341
734,341
734,342
734,343
735,344
736,344
736,345
736,346
737,347
738,347
738,349
739,349
739,350
740,350
740,352
741,352
741,353
741,354
742,355
743,355
743,357
744,358
745,358
745,360
746,360
746,361
747,361
747,363
748,363
748,364
749,364
749,366
750,366
750,367
751,367
751,369
752,369
752,370
753,370
753,372
754,373
755,373
755,375
756,375
756,376
757,376
757,378
758,378
758,379
758,380
759,381
760,381
760,382
760,383
761,384
762,384
762,386
763,386
763,387
763,388
764,389
765,389
765,390
765,391
766,392
767,392
767,394
768,394
768,395
768,396
769,397
770,397
770,398
770,399
771,400
772,400
772,401
772,402
773,403
774,403
774,404
774,405
775,406
776,406
776,408
777,409
778,409
778,411
779,411
779,412
780,412
780,414
781,414
781,415
782,415
782,417
783,417
783,418
784,418
784,420
785,420
785,421
786,421
786,423
787,423
787,424
788,424
788,426
789,426
789,427
790,427
790,429
791,430
792,430
792,432
793,432
793,433
794,433
794,435
795,435
795,436
796,436
796,438
797,438
797,439
798,439
798,441
799,441
799,442
799,443
800,444
801,444
801,445
801,446
802,447
803,447
803,448
804,448
804,450
805,450
805,451
806,451
806,453
807,453
807,454
808,454
808,456
809,457
810,457
810,458
810,459
811,460
812,460
812,461
812,462
813,463
814,463
814,464
814,465
815,466
816,466
816,467
816,468
817,469
818,469
818,471
819,471
819,472
819,473
820,474
821,474
821,476
822,476
822,477
822,478
823,479
824,479
824,480
824,481
825,482
826,482
826,483
826,484
827,485
828,485
828,486
828,487
829,488
830,488
830,489
830,490
831,491
832,491
832,493
833,494
834,494
834,496
835,496
835,497
836,497
836,499
837,499
837,500
838,500
838,502
839,503
840,503
840,504
840,505
841,506
842,506
842,507
842,508
843,509
844,509
844,510
844,511
845,512
846,512
846,513
846,514
847,515
848,515
848,516
848,517
849,518
850,518
850,520
851,520
851,521
852,521
852,523
853,523
853,524
854,524
854,526
855,526
855,527
855,528
856,529
857,529
857,530
857,531
858,532
859,532
859,533
860,533
860,535
861,535
861,536
862,536
862,538
863,538
863,539
863,540
864,541
865,541
865,542
865,543
866,544
867,544
867,545
867,546
868,547
869,547
869,549
870,549
870,550
871,550
871,552
872,552
872,553
873,553
873,555
874,555
874,556
875,556
875,558
876,558
876,559
877,559
877,560
877,561
878,562
879,562
879,563
879,564
880,565
881,565
881,566
881,567
882,568
883,568
883,569
883,570
884,570
884,571
885,571
885,573
886,573
886,574
886,575
887,576
888,576
888,577
888,578
889,579
890,579
890,580
891,580
891,582
892,582
892,583
893,583
893,585
894,585
894,586
895,586
895,588
896,588
896,589
896,590
897,590
897,591
898,591
898,593
899,593
899,594
900,594
900,596
901,596
901,597
902,597
902,598
902,599
903,600
904,600
904,601
904,602
905,603
906,603
906,604
906,605
907,606
908,606
908,607
908,608
909,609
910,609
910,610
910,611
911,611
911,612
912,612
912,614
913,614
913,615
913,616
914,616
914,617
914,618
915,619
916,619
916,620
916,621
917,621
917,622
917,623
918,623
918,624
918,625
919,626
920,626
920,627
920,628
921,628
921,629
921,630
922,631
923,631
923,632
923,633
924,633
924,634
925,634
925,635
925,636
926,636
926,637
927,637
927,638
928,638
928,639
928,640
929,640
929,641
930,641
930,642
930,643
931,643
931,644
932,644
932,645
932,646
933,646
933,647
934,647
934,648
935,648
935,649
935,650
936,650
936,651
936,652
937,652
937,653
937,654
937,655
938,655
939,655
940,655
940,654
941,654
942,654
942,655
942,656
943,656
943,657
944,657
944,658
944,659
945,659
945,660
945,661
946,661
946,662
946,663
947,663
947,664
947,665
948,665
948,666
948,667
949,667
949,668
950,668
950,670
951,670
951,671
951,672
952,672
952,673
953,673
953,674
954,674
954,675
955,675
955,676
955,677
956,678
957,678
957,679
958,679
958,680
958,681
959,682
960,682
960,683
960,684
961,685
962,685
962,686
962,687
963,687
963,688
964,688
964,690
965,690
965,691
965,692
966,692
966,693
966,694
967,695
968,695
968,696
968,697
969,697
969,698
970,698
970,699
970,700
971,700
971,701
972,701
972,702
972,703
973,703
973,704
974,704
974,705
974,706
975,707
976,707
976,708
977,708
977,709
978,709
978,711
979,711
979,712
980,712
980,713
980,714
981,714
981,715
982,715
982,717
983,717
983,718
983,719
984,720
985,720
985,721
985,722
986,722
986,723
986,724
987,724
987,725
987,726
988,727
989,727
989,728
989,729
990,729
990,730
990,731
991,732
992,732
992,733
993,733
993,735
994,735
994,736
995,736
995,737
996,737
996,738
997,738
997,739
997,740
998,740
998,741
0,742
0,743
1,743
1,744
1,745
2,745
2,746
3,746
3,747
3,748
4,748
4,749
5,749
5,750
5,751
6,751
6,752
7,752
7,753
7,754
8,754
8,755
9,755
9,756
9,757
10,757
10,758
11,758
11,759
11,760
12,761
13,761
13,762
14,762
14,764
15,764
15,765
16,765
16,767
17,767
17,768
18,768
18,769
18,770
19,770
19,771
20,771
20,772
20,773
21,773
21,774
22,774
22,775
22,776
23,776
23,777
24,777
24,778
24,779
25,779
25,780
26,780
26,781
26,782
27,782
27,783
28,783
28,784
28,785
29,785
29,786
30,786
30,788
31,788
31,789
31,790
32,791
33,791
33,792
33,793
34,794
35,794
35,795
36,795
36,797
37,797
37,798
38,798
38,800
39,800
39,801
40,801
40,802
40,803
41,804
42,804
42,805
42,806
43,807
44,807
44,808
44,809
45,810
46,810
46,811
46,812
47,812
47,813
48,813
48,815
49,815
49,816
50,816
50,818
51,818
51,819
52,819
52,821
53,821
53,822
54,822
54,824
55,824
55,825
55,826
56,827
57,827
57,828
57,829
58,830
59,830
59,832
60,832
60,833
61,833
61,835
62,835
62,836
62,837
63,838
64,838
64,839
65,839
65,841
66,841
66,842
67,842
67,844
68,844
68,845
69,845
69,847
70,848
71,848
71,849
71,850
72,851
73,851
73,852
74,852
74,854
75,855
76,855
76,856
77,856
77,858
78,858
78,859
79,859
79,861
80,862
81,862
81,863
81,864
82,865
83,865
83,867
84,868
85,868
85,870
86,870
86,871
86,872
87,873
88,873
88,874
88,875
89,876
90,876
90,878
91,878
91,879
91,880
92,881
93,881
93,883
94,884
95,884
95,886
96,887
97,887
97,888
97,889
98,890
99,890
99,891
99,892
100,893
101,893
101,895
102,896
103,896
103,898
104,899
105,899
105,901
106,901
106,902
107,902
107,904
108,904
108,905
109,905
109,907
110,907
110,908
110,909
111,910
112,910
112,911
112,912
113,913
114,913
114,915
115,916
116,916
116,918
117,919
118,919
118,921
119,922
120,922
120,924
121,925
122,925
122,927
123,928
124,928
124,930
125,931
126,931
126,933
127,933
127,934
127,935
128,936
129,936
129,937
129,938
130,939
131,939
131,940
131,941
132,942
133,942
133,943
133,944
134,945
135,945
135,947
136,948
137,948
137,950
138,950
138,951
139,951
139,953
140,953
140,954
140,955
141,956
142,956
142,958
143,959
144,959
144,961
145,961
145,962
145,963
146,964
147,964
147,966
148,967
149,967
149,969
150,970
151,970
151,972
152,973
153,973
153,974
153,975
154,976
155,976
155,977
156,977
156,979
157,980
158,980
158,981
158,982
159,983
160,983
160,984
161,984
161,986
162,986
162,987
163,987
163,989
164,989
164,990
164,991
165,992
166,992
166,994
167,995
167,996
169,0
169,2
170,2
170,3
170,4
171,5
171,6
172,7
173,7
173,9
174,9
174,11
175,11
175,12
175,13
176,14
177,14
177,16
178,16
178,17
178,18
179,19
180,19
180,21
181,21
181,22
181,23
182,24
183,24
183,26
184,27
185,27
185,29
186,30
187,30
187,32
188,33
189,33
189,35
190,35
190,36
191,36
191,38
192,38
192,39
192,40
193,41
194,41
194,42
194,43
195,44
196,44
196,45
197,45
197,47
198,47
198,48
199,48
199,50
200,51
201,51
201,53
202,54
203,54
203,56
204,57
205,57
205,59
206,60
207,60
207,62
208,63
209,63
209,65
210,66
211,66
211,68
212,69
213,69
213,71
214,72
215,72
215,74
216,75
217,75
217,77
218,77
218,78
219,78
219,80
220,80
220,81
221,81
221,83
222,84
223,84
223,85
223,86
224,87
225,87
225,88
226,88
226,90
227,90
227,91
228,91
228,93
229,93
229,94
230,94
230,96
231,96
231,97
232,97
232,99
233,100
234,100
234,102
235,103
236,103
236,104
237,104
237,106
238,106
238,107
239,107
239,109
240,110
241,110
241,112
242,113
243,113
243,115
244,116
245,116
245,118
246,118
246,119
246,120
247,121
248,121
248,123
249,123
249,124
249,125
250,126
251,126
251,128
252,129
252,130
253,131
254,131
254,133
255,134
256,134
256,136
257,136
257,137
257,138
258,139
259,139
259,140
259,141
260,142
261,142
261,144
262,145
263,145
263,147
264,148
265,148
265,149
265,150
266,151
267,151
267,152
268,152
268,154
269,154
269,155
270,155
270,157
271,158
272,158
272,160
273,161
274,161
274,163
275,164
276,164
276,165
276,166
277,167
278,167
278,168
279,168
279,169
280,169
280,170
281,170
281,172
282,172
282,173
283,173
283,175
284,176
285,176
285,178
286,179
287,179
287,180
287,181
288,182
289,182
289,183
290,183
290,185
291,185
291,186
292,186
292,187
293,187
293,188
293,189
294,190
295,190
295,192
296,193
297,193
297,195
298,195
298,196
298,197
299,198
300,198
300,200
301,200
301,201
301,202
302,203
303,203
303,205
304,206
305,206
305,208
306,209
307,209
307,211
308,211
308,212
308,213
309,214
310,214
310,216
311,216
311,217
311,218
312,219
313,219
313,221
314,222
315,222
315,224
316,225
317,225
317,227
318,227
318,228
319,228
319,230
320,230
320,231
321,231
321,233
322,233
322,234
322,235
323,236
324,236
324,237
324,238
325,239
326,239
326,240
326,241
327,242
328,242
328,243
328,244
329,245
330,245
330,246
331,246
331,248
332,248
332,249
333,249
333,251
334,252
335,252
335,253
335,254
336,255
337,255
337,256
338,256
338,258
339,259
340,259
340,260
340,261
341,262
342,262
342,263
343,263
343,265
344,266
345,266
345,268
346,269
347,269
347,271
348,272
349,272
349,274
350,275
351,275
351,277
352,278
353,278
353,280
354,280
354,282
355,283
356,283
356,285
357,285
357,286
357,287
358,288
359,288
359,290
360,291
361,291
361,293
362,293
362,294
362,295
363,296
364,296
364,297
364,298
365,299
366,299
366,301
367,302
368,302
368,304
369,305
370,305
370,307
371,308
372,308
372,310
373,311
374,311
374,313
375,313
375,314
376,314
376,316
377,316
377,317
377,318
378,319
379,319
379,321
380,322
381,322
381,324
382,325
383,325
383,327
384,328
385,328
385,330
386,331
387,331
387,333
388,334
389,334
389,335
390,335
390,337
391,337
391,338
392,338
392,340
393,341
394,341
394,342
394,343
395,344
396,344
396,345
397,345
397,347
398,348
399,348
399,350
400,351
401,351
401,353
402,354
403,354
403,355
403,356
404,357
405,357
405,358
405,359
406,360
407,360
407,362
408,363
409,363
409,365
410,366
411,366
411,368
412,369
413,369
413,371
414,371
414,372
414,373
415,374
416,374
416,376
417,377
418,377
418,379
419,380
420,380
420,382
421,382
421,383
421,384
422,385
423,385
423,387
424,388
425,388
425,390
426,391
427,391
427,393
428,393
428,394
428,395
429,396
430,396
430,398
431,398
431,399
431,400
432,401
433,401
433,403
434,403
434,404
435,404
435,406
436,406
436,407
436,408
437,409
438,409
438,410
438,411
439,412
440,412
440,414
441,415
442,415
442,417
443,418
444,418
444,420
445,421
446,421
446,423
447,424
448,424
448,425
448,426
449,427
450,427
450,428
451,428
451,430
452,430
452,431
453,431
453,433
454,434
455,434
455,436
456,437
457,437
457,438
457,439
458,440
459,440
459,441
459,442
460,443
461,443
461,444
462,444
462,446
463,446
463,447
463,448
464,449
465,449
465,450
465,451
466,452
467,452
467,454
468,455
469,455
469,457
470,458
471,458
471,460
472,461
473,461
473,462
474,462
474,464
475,464
475,465
476,465
476,467
477,467
477,468
478,468
478,470
479,470
479,471
479,472
480,473
481,473
481,475
482,476
483,476
483,478
484,478
484,480
485,481
486,481
486,483
487,483
487,484
487,485
488,486
489,486
489,487
489,488
490,489
491,489
491,491
492,492
493,492
493,494
494,494
494,495
495,495
495,497
496,497
496,498
497,498
497,500
498,500
498,501
499,501
499,503
500,503
500,504
501,504
501,506
502,507
503,507
503,509
504,510
505,510
505,512
506,513
507,513
507,515
508,516
509,516
509,518
510,519
511,519
511,521
512,522
513,522
513,523
513,524
514,525
515,525
515,526
515,527
516,528
517,528
517,529
517,530
518,531
519,531
519,532
519,533
520,534
521,534
521,535
521,536
522,537
523,537
523,539
524,540
525,540
525,542
526,543
527,543
527,544
527,545
528,546
529,546
529,547
529,548
530,549
531,549
531,551
532,552
533,552
533,554
534,554
534,555
534,556
535,557
536,557
536,559
537,559
537,560
537,561
538,562
539,562
539,563
539,564
540,565
541,565
541,567
542,567
542,568
543,568
543,570
544,570
544,571
545,571
545,573
546,573
546,574
547,574
547,576
548,576
548,577
549,577
549,579
550,579
550,580
550,581
551,582
552,582
552,583
552,584
553,585
554,585
554,586
554,587
555,588
556,588
556,589
556,590
557,591
558,591
558,592
558,593
559,594
560,594
560,596
561,596
561,597
562,597
562,599
563,599
563,600
564,600
564,602
565,602
565,603
566,603
566,605
567,605
567,606
568,606
568,608
569,608
569,609
569,610
570,611
571,611
571,612
571,613
572,614
573,614
573,616
574,617
575,617
575,619
576,619
576,620
577,620
577,622
578,622
578,623
579,623
579,625
580,625
580,626
580,627
581,628
582,628
582,629
582,630
583,631
584,631
584,632
584,633
585,634
586,634
586,636
587,636
587,637
588,637
588,639
589,639
589,640
589,641
590,642
591,642
591,643
591,644
592,645
593,645
593,646
593,647
594,648
595,648
595,649
595,650
596,651
597,651
597,652
597,653
598,654
599,654
599,655
599,656
600,657
601,657
601,658
602,658
602,660
603,660
603,661
604,661
604,663
605,664
606,664
606,666
607,666
607,667
608,667
608,669
609,669
609,670
609,671
610,672
611,672
611,674
612,674
612,675
612,676
613,677
614,677
614,678
614,679
615,680
616,680
616,681
616,682
617,683
618,683
618,684
618,685
619,686
620,686
620,688
621,688
621,689
622,689
622,691
623,691
623,692
623,693
624,694
625,694
625,695
625,696
626,697
627,697
627,698
628,698
628,700
629,700
629,701
630,701
630,703
631,703
631,704
632,704
632,706
633,707
634,707
634,709
635,709
635,710
636,710
636,712
637,712
637,713
638,713
638,715
639,715
639,716
640,716
640,718
641,718
641,719
642,719
642,721
643,721
643,722
644,722
644,724
645,724
645,725
646,725
646,727
647,728
648,728
648,730
649,731
650,731
650,733
651,733
651,734
652,734
652,736
653,736
653,737
653,738
654,739
655,739
655,740
655,741
656,742
657,742
657,744
658,744
658,745
658,746
659,747
660,747
660,748
660,749
661,750
662,750
662,752
663,752
663,753
663,754
664,755
665,755
665,756
665,757
666,758
667,758
667,760
668,760
668,761
668,762
669,763
670,763
670,765
671,765
671,766
672,766
672,768
673,768
673,769
674,769
674,771
675,771
675,772
675,773
676,774
677,774
677,775
677,776
678,777
679,777
679,778
680,778
680,780
681,780
681,781
682,781
682,782
682,783
683,784
684,784
684,785
685,785
685,787
686,788
687,788
687,789
687,790
688,791
689,791
689,792
689,793
690,794
691,794
691,795
691,796
692,797
693,797
693,798
693,799
694,800
695,800
695,801
695,802
696,803
697,803
697,805
698,806
699,806
699,808
700,808
700,809
701,809
701,811
702,811
702,812
703,812
703,814
704,814
704,815
705,815
705,817
706,817
706,818
706,819
707,820
708,820
708,821
708,822
709,823
710,823
710,824
710,825
711,826
712,826
712,828
713,828
713,829
714,829
714,831
715,831
715,832
715,833
716,834
717,834
717,836
718,836
718,837
718,838
719,839
720,839
720,840
720,841
721,842
722,842
722,844
723,844
723,845
724,845
724,847
725,847
725,848
725,849
726,850
727,850
727,851
727,852
728,853
729,853
729,855
730,856
731,856
731,857
732,857
732,859
733,859
733,860
734,860
734,862
735,863
736,863
736,864
736,865
737,866
738,866
738,867
739,867
739,869
740,869
740,870
741,870
741,872
742,872
742,873
743,873
743,875
744,875
744,876
745,876
745,878
746,878
746,879
747,879
747,881
748,881
748,882
749,882
749,884
750,884
750,885
750,886
751,887
752,887
752,888
752,889
753,890
754,890
754,891
754,892
755,893
756,893
756,894
756,895
757,896
758,896
758,897
758,898
759,899
760,899
760,900
760,901
761,902
762,902
762,904
763,904
763,905
764,905
764,907
765,907
765,908
765,909
766,910
767,910
767,912
768,912
768,913
768,914
769,915
770,915
770,917
771,918
772,918
772,920
773,920
773,921
774,921
774,923
775,923
775,924
775,925
776,926
777,926
777,927
777,928
778,929
779,929
779,930
779,931
780,932
781,932
781,933
781,934
782,935
783,935
783,936
783,937
784,938
785,938
785,939
786,939
786,941
787,941
787,942
788,942
788,944
789,945
790,945
790,947
791,948
792,948
792,950
793,951
794,951
794,953
795,953
795,954
795,955
796,956
797,956
797,957
797,958
798,959
799,959
799,960
799,961
800,962
801,962
801,963
801,964
802,965
803,965
803,966
803,967
804,968
805,968
805,969
806,969
806,970
807,970
807,971
808,971
808,973
809,973
809,974
810,974
810,976
811,976
811,977
812,977
812,979
813,979
813,980
813,981
814,982
815,982
815,983
815,984
816,985
817,985
817,987
818,987
818,988
818,989
819,990
820,990
820,992
821,992
821,993
821,994
822,995
823,995
824,0
824,1
825,1
825,3
826,3
826,4
826,5
827,6
828,6
828,7
828,8
829,9
830,9
830,10
830,11
831,12
832,12
832,13
832,14
833,15
834,15
834,16
834,17
835,18
836,18
836,19
837,19
837,21
838,22
839,22
839,23
840,23
840,25
841,26
842,26
842,27
842,28
843,29
844,29
844,30
845,30
845,32
846,32
846,33
847,33
847,35
848,35
848,36
849,36
849,38
850,38
850,39
851,39
851,41
852,41
852,42
852,43
853,44
854,44
854,45
854,46
855,47
856,47
856,48
856,49
857,50
858,50
858,51
858,52
859,53
860,53
860,54
860,55
861,56
862,56
862,57
862,58
863,59
864,59
864,60
864,61
865,62
866,62
866,64
867,64
867,65
867,66
868,67
869,67
869,69
870,69
870,70
870,71
871,72
872,72
872,74
873,74
873,75
873,76
874,77
875,77
875,78
875,79
876,80
877,80
877,81
877,82
878,83
879,83
879,85
880,86
881,86
881,88
882,89
883,89
883,91
884,92
885,92
885,94
886,95
887,95
887,96
887,97
888,98
889,98
889,99
889,100
890,101
891,101
891,102
891,103
892,104
893,104
893,105
894,105
894,107
895,108
896,108
896,109
896,110
897,111
898,111
898,112
899,112
899,114
900,114
900,115
901,115
901,117
902,117
902,118
902,119
903,120
904,120
904,121
904,122
905,122
905,123
906,123
906,125
907,125
907,126
907,127
908,128
909,128
909,129
909,130
910,131
911,131
911,132
911,133
912,134
913,134
913,135
913,136
914,136
914,137
915,137
915,139
916,139
916,140
916,141
917,142
918,142
918,143
918,144
919,145
920,145
920,146
920,147
921,148
922,148
922,149
922,150
923,150
923,151
924,151
924,153
925,153
925,154
925,155
926,156
927,156
927,157
927,158
928,159
929,159
929,160
929,161
930,161
930,162
931,162
931,164
932,164
932,165
933,165
933,167
934,167
934,168
935,168
935,170
936,170
936,171
936,172
937,173
938,173
938,174
938,175
939,176
940,176
940,178
941,178
941,179
941,180
942,181
943,181
943,182
943,183
944,183
944,184
944,185
945,186
946,186
946,188
947,188
947,189
947,190
948,191
949,191
949,192
950,192
950,193
951,193
951,194
952,194
952,195
953,196
954,197
955,197
955,198
956,198
956,199
957,199
957,200
958,200
958,201
958,202
959,202
959,203
960,203
960,204
960,205
961,205
961,206
962,206
962,207
962,208
963,208
963,209
964,209
964,211
965,211
965,212
965,213
966,213
966,214
967,214
967,216
968,216
968,217
968,218
969,218
969,219
969,220
970,221
971,221
971,223
972,223
972,224
972,225
973,225
973,226
973,227
974,227
974,228
974,229
975,229
975,230
975,231
976,231
976,232
976,233
977,233
977,234
978,234
978,235
978,236
979,236
979,237
980,237
980,238
981,238
981,240
982,241
983,241
983,242
984,242
984,243
985,243
985,245
986,245
986,246
987,246
987,247
988,247
988,248
988,249
989,249
989,250
990,250
990,251
990,252
991,253
992,253
992,254
992,255
993,256
994,256
994,257
994,258
995,258
995,259
996,259
996,260
996,261
997,261
997,262
998,262
998,263
998,264
999,264
999,265
999,266
0,267
1,267
1,268
1,269
2,269
2,270
2,271
3,271
3,272
4,272
4,274
5,274
5,275
6,275
6,277
7,277
7,278
8,278
8,279
9,279
9,281
10,281
10,282
11,282
11,283
12,283
12,285
13,285
13,286
14,286
14,287
15,287
15,289
16,289
16,290
17,290
17,291
17,292
18,292
18,293
19,293
19,294
19,295
20,295
20,296
20,297
21,298
22,298
22,299
22,300
23,300
23,301
24,301
24,303
25,303
25,304
25,305
26,305
26,306
27,306
27,308
28,308
28,309
28,310
29,310
29,311
29,312
30,313
31,313
31,314
31,315
32,315
32,316
33,316
33,318
34,318
34,319
35,319
35,321
36,321
36,322
37,322
37,323
37,324
38,325
39,325
39,326
40,326
40,328
41,328
41,329
42,329
42,330
43,330
43,332
44,332
44,333
45,333
45,334
46,334
46,335
47,335
47,337
48,337
48,338
49,338
49,339
50,339
50,341
51,341
51,342
52,342
52,344
53,344
53,345
53,346
54,347
55,347
55,349
56,349
56,350
56,351
57,352
58,352
58,353
58,354
59,355
60,355
60,356
60,357
61,357
61,358
62,358
62,360
63,360
63,361
63,362
64,363
65,363
65,364
65,365
66,365
66,366
67,366
67,367
67,368
68,368
68,369
69,369
69,370
69,371
70,372
71,372
71,373
71,374
72,375
73,375
73,376
74,376
74,378
75,378
75,379
76,379
76,381
77,381
77,382
78,382
78,384
79,384
79,385
80,385
80,386
80,387
81,388
82,388
82,389
82,390
83,390
83,391
84,391
84,393
85,393
85,394
86,394
86,396
87,396
87,397
88,397
88,399
89,399
89,400
89,401
90,402
91,402
91,403
91,404
92,405
93,405
93,406
93,407
94,408
95,408
95,410
96,410
96,411
97,411
97,413
98,413
98,414
98,415
99,416
100,416
100,418
101,418
101,419
101,420
102,421
103,421
103,423
104,423
104,424
105,424
105,426
106,426
106,427
107,427
107,429
108,429
108,430
109,430
109,432
110,432
110,433
111,433
111,435
112,435
112,436
113,436
113,438
114,439
115,439
115,441
116,442
117,442
117,443
117,444
118,445
119,445
119,446
119,447
120,447
120,448
121,448
121,450
122,451
123,451
123,452
123,453
124,454
125,454
125,455
125,456
126,457
127,457
127,458
127,459
128,460
129,460
129,461
129,462
130,463
131,463
131,464
131,465
132,466
133,466
133,468
134,468
134,469
135,469
135,471
136,471
136,472
136,473
137,474
138,474
138,476
139,476
139,477
140,477
140,479
141,479
141,480
141,481
142,482
143,482
143,483
143,484
144,485
145,485
145,486
145,487
146,488
147,488
147,489
147,490
148,491
149,491
149,492
150,492
150,494
151,495
152,495
152,496
153,496
153,498
154,498
154,499
155,499
155,500
156,500
156,502
157,502
157,503
158,503
158,505
159,505
159,506
160,506
160,508
161,508
161,509
162,509
162,511
163,511
163,512
163,513
164,514
165,514
165,515
165,516
166,517
167,517
167,519
168,519
168,520
168,521
169,522
170,522
170,524
171,525
172,525
172,527
173,527
173,528
174,528
174,530
175,530
175,531
176,531
176,533
177,533
177,534
178,534
178,536
179,536
179,537
180,537
180,539
181,540
182,540
182,541
183,541
183,543
184,543
184,544
185,544
185,545
186,545
186,547
187,547
187,548
188,548
188,550
189,551
190,551
190,553
191,553
191,554
192,554
192,556
193,556
193,557
193,558
194,559
195,559
195,561
196,561
196,562
196,563
197,564
198,564
198,566
199,566
199,567
199,568
200,569
201,569
201,571
202,571
202,572
202,573
203,574
204,574
204,576
205,577
206,577
206,579
207,579
207,580
207,581
208,582
209,582
209,583
209,584
210,585
211,585
211,587
212,588
213,588
213,590
214,591
215,591
215,593
216,594
217,594
217,595
218,595
218,597
219,597
219,598
220,598
220,600
221,600
221,601
222,601
222,603
223,604
224,604
224,605
224,606
225,607
226,607
226,608
226,609
227,610
228,610
228,611
228,612
229,613
230,613
230,614
231,614
231,616
232,617
233,617
233,618
233,619
234,620
235,620
235,621
236,621
236,623
237,623
237,624
238,624
238,626
239,626
239,627
239,628
240,629
241,629
241,631
242,631
242,632
242,633
243,634
244,634
244,636
245,636
245,637
245,638
246,639
246,640
247,641
248,641
248,643
249,643
249,644
250,644
250,646
251,646
251,647
252,647
252,649
253,649
253,650
253,651
254,652
255,652
255,653
255,654
256,655
257,655
257,656
257,657
258,658
259,658
259,659
259,660
260,661
261,661
261,662
262,662
262,664
263,664
263,665
264,665
264,667
265,668
266,668
266,669
267,669
267,671
268,671
268,672
269,672
269,674
270,675
271,675
271,677
272,678
273,678
273,680
274,681
275,681
275,682
275,683
276,684
277,684
277,685
278,685
278,687
279,687
279,688
280,688
280,690
281,690
281,691
282,691
282,693
283,693
283,694
284,694
284,696
285,696
285,697
285,698
286,699
287,699
287,700
287,701
288,702
289,702
289,704
290,704
290,705
291,705
291,707
292,707
292,708
292,709
293,710
294,710
294,712
295,712
295,713
295,714
296,715
297,715
297,717
298,717
298,718
298,719
299,720
300,720
300,722
301,722
301,723
301,724
302,725
303,725
303,726
303,727
304,728
305,728
305,730
306,731
307,731
307,733
308,733
308,734
309,734
309,736
310,736
310,737
311,737
311,739
312,740
313,740
313,741
314,741
314,743
315,743
315,744
316,744
316,745
316,746
317,747
318,747
318,748
319,748
319,749
319,750
320,751
321,751
321,752
322,752
322,754
323,754
323,755
324,755
324,757
325,758
326,758
326,759
326,760
327,761
328,761
328,762
328,763
329,764
330,764
330,766
331,767
332,767
332,769
333,770
334,770
334,772
335,772
335,773
336,773
336,775
337,775
337,776
338,776
338,778
339,778
339,779
339,780
340,781
341,781
341,782
341,783
342,784
343,784
343,786
344,786
344,787
345,787
345,789
346,789
346,790
346,791
347,792
348,792
348,794
349,794
349,795
349,796
350,796
350,797
350,798
351,799
352,799
352,801
353,801
353,802
353,803
354,804
355,804
355,806
356,807
357,807
357,808
357,809
358,810
359,810
359,811
359,812
360,813
361,813
361,814
361,815
362,816
363,816
363,817
363,818
364,819
365,819
365,820
366,820
366,822
367,822
367,823
368,823
368,825
369,826
370,826
370,827
370,828
371,829
372,829
372,830
373,830
373,832
374,832
374,833
375,833
375,835
376,836
377,836
377,837
377,838
378,839
379,839
379,840
379,841
380,842
381,842
381,843
381,844
382,845
383,845
383,846
383,847
384,848
385,848
385,850
386,851
387,851
387,853
388,854
389,854
389,856
390,856
390,857
391,857
391,859
392,859
392,860
392,861
393,862
394,862
394,864
395,864
395,865
395,866
396,867
397,867
397,869
398,869
398,870
398,871
399,872
400,872
400,874
401,874
401,875
401,876
402,877
403,877
403,878
403,879
404,880
405,880
405,882
406,882
406,883
407,883
407,885
408,885
408,886
409,886
409,888
410,888
410,889
411,889
411,891
412,891
412,892
413,892
413,894
414,895
415,895
415,897
416,898
417,898
417,900
418,901
419,901
419,902
419,903
420,904
421,904
421,905
421,906
422,907
423,907
423,908
424,908
424,909
424,910
425,911
426,911
426,912
427,912
427,914
428,914
428,915
429,915
429,917
430,917
430,918
431,918
431,920
432,920
432,921
433,921
433,923
434,923
434,924
434,925
435,926
436,926
436,927
436,928
437,929
438,929
438,931
439,931
439,932
440,932
440,934
441,934
441,935
441,936
442,937
443,937
443,939
444,939
444,940
444,941
445,942
446,942
446,944
447,944
447,945
447,946
448,947
449,947
449,949
450,949
450,950
450,951
451,952
452,952
452,954
453,954
453,955
454,955
454,957
455,957
455,958
456,958
456,960
457,960
457,961
458,961
458,963
459,963
459,964
460,964
460,966
461,966
461,967
462,967
462,969
463,969
463,970
464,970
464,972
465,973
466,973
466,974
466,975
467,976
468,976
468,977
468,978
469,979
470,979
470,980
470,981
471,982
472,982
472,983
473,983
473,985
474,986
475,986
475,987
475,988
476,989
477,989
477,990
478,990
478,992
479,992
479,993
479,994
480,995
481,995
481,996
481,997
482,997
482,998
482,999
484,0
484,1
484,2
485,3
486,3
486,5
487,5
487,6
488,6
488,8
489,8
489,9
490,9
490,11
491,11
491,12
491,13
492,14
493,14
493,15
493,16
494,17
495,17
495,18
495,19
496,20
497,20
497,21
497,22
498,23
499,23
499,24
499,25
500,26
501,26
501,27
501,28
502,29
503,29
503,30
503,31
504,32
505,32
505,34
506,34
506,35
507,35
507,37
508,37
508,38
509,38
509,40
510,40
510,41
511,41
511,43
512,43
512,44
513,44
513,46
514,46
514,47
515,47
515,49
516,49
516,50
517,50
517,52
518,52
518,53
518,54
519,55
520,55
520,56
521,56
521,58
522,58
522,59
523,59
523,61
524,61
524,62
525,62
525,64
526,65
527,65
527,66
527,67
528,68
529,68
529,69
529,70
530,71
531,71
531,72
531,73
532,74
533,74
533,76
534,76
534,77
534,78
535,79
536,79
536,81
537,81
537,82
537,83
538,84
539,84
539,86
540,86
540,87
541,87
541,89
542,89
542,90
543,90
543,92
544,92
544,93
545,93
545,95
546,95
546,96
547,96
547,98
548,98
548,99
549,99
549,101
550,101
550,102
550,103
551,104
552,104
552,105
552,106
553,107
554,107
554,108
554,109
555,110
556,110
556,112
557,112
557,113
558,113
558,115
559,115
559,116
560,116
560,118
561,118
561,119
562,119
562,121
563,121
563,122
564,122
564,124
565,124
565,125
566,125
566,127
567,127
567,128
568,128
568,130
569,130
569,131
570,131
570,133
571,133
571,134
572,134
572,136
573,136
573,137
574,137
574,139
575,140
576,140
576,141
577,141
577,143
578,143
578,144
579,144
579,146
580,147
581,147
581,148
581,149
582,150
583,150
583,152
584,152
584,153
585,153
585,155
586,155
586,156
586,157
587,158
588,158
588,160
589,161
590,161
590,163
591,163
591,164
591,165
592,166
593,166
593,167
593,168
594,169
595,169
595,170
595,171
596,172
597,172
597,174
598,174
598,175
599,175
599,177
600,177
600,178
601,178
601,180
602,180
602,181
602,182
603,183
604,183
604,184
604,185
605,186
606,186
606,187
606,188
607,189
608,189
608,191
609,192
610,192
610,194
611,194
611,195
611,196
612,197
613,197
613,198
613,199
614,200
615,200
615,201
615,202
616,203
617,203
617,205
618,206
619,206
619,208
620,209
621,209
621,211
622,211
622,212
623,212
623,214
624,214
624,215
625,215
625,217
626,217
626,218
627,218
627,220
628,220
628,221
629,221
629,223
630,224
631,224
631,226
632,227
633,227
633,228
633,229
634,230
635,230
635,232
636,233
637,233
637,235
638,235
638,236
638,237
639,238
640,238
640,239
640,240
641,241
642,241
642,243
643,244
644,244
644,246
645,247
646,247
646,249
647,250
648,250
648,251
648,252
649,253
650,253
650,254
650,255
651,256
652,256
652,257
652,258
653,259
654,259
654,261
655,262
656,262
656,264
657,264
657,265
657,266
658,267
659,267
659,268
659,269
660,270
661,270
661,272
662,272
662,273
662,274
663,275
664,275
664,276
664,277
665,278
666,278
666,280
667,281
668,281
668,283
669,283
669,284
670,284
670,286
671,286
671,287
671,288
672,289
673,289
673,291
674,292
675,292
675,294
676,294
676,295
677,295
677,297
678,297
678,298
679,298
679,300
680,301
681,301
681,302
682,302
682,304
683,304
683,305
684,305
684,307
685,308
686,308
686,309
686,310
687,311
688,311
688,312
688,313
689,314
690,314
690,316
691,317
692,317
692,319
693,320
694,320
694,322
695,323
696,323
696,324
696,325
697,326
698,326
698,327
698,328
699,329
700,329
700,330
700,331
701,332
702,332
702,333
702,334
703,335
704,335
704,337
705,338
706,338
706,340
707,340
707,341
708,341
708,343
709,343
709,344
709,345
710,346
711,346
711,348
712,349
713,349
713,351
714,351
714,352
714,353
715,354
716,354
716,356
717,356
717,358
718,358
718,359
718,360
719,361
720,361
720,363
721,363
721,364
722,364
722,366
723,366
723,367
724,367
724,369
725,369
725,370
726,370
726,372
727,372
727,373
728,373
728,375
729,375
729,376
730,376
730,378
731,378
731,379
732,379
732,381
733,382
734,382
734,383
734,384
735,385
736,385
736,386
737,386
737,388
738,389
739,389
739,390
739,391
740,392
741,392
741,393
741,394
742,395
743,395
743,396
743,397
744,398
745,398
745,399
745,400
746,401
747,401
747,402
747,403
748,404
749,404
749,406
750,407
751,407
751,409
752,409
752,410
752,411
753,412
754,412
754,413
754,414
755,415
756,415
756,417
757,417
757,418
758,418
758,420
759,420
759,421
759,422
760,423
761,423
761,424
761,425
762,426
763,426
763,427
763,428
764,429
765,429
765,431
766,431
766,432
766,433
767,434
768,434
768,435
768,436
769,437
770,437
770,439
771,439
771,440
772,440
772,442
773,442
773,443
774,443
774,445
775,445
775,446
776,446
776,448
777,448
777,449
778,449
778,451
779,451
779,452
780,452
780,454
781,454
781,455
782,455
782,457
783,457
783,458
784,458
784,460
785,460
785,461
786,461
786,463
787,463
787,464
787,465
788,466
789,466
789,467
789,468
790,469
791,469
791,471
792,471
792,472
793,472
793,474
794,474
794,475
795,475
795,477
796,477
796,478
797,478
797,480
798,480
798,481
799,481
799,483
800,483
800,484
801,484
801,486
802,486
802,487
802,488
803,489
804,489
804,490
804,491
805,492
806,492
806,494
807,494
807,495
808,495
808,497
809,497
809,498
810,498
810,500
811,500
811,501
812,501
812,503
813,503
813,504
814,504
814,506
815,506
815,507
815,508
816,509
817,509
817,510
817,511
818,512
819,512
819,514
820,514
820,515
820,516
821,517
822,517
822,519
823,520
824,520
824,522
825,523
826,523
826,525
827,526
828,526
828,527
828,528
829,529
830,529
830,530
830,531
831,532
832,532
832,533
833,533
833,535
834,535
834,536
835,536
835,538
836,539
837,539
837,540
838,540
838,542
839,542
839,543
840,543
840,545
841,545
841,546
842,546
842,548
843,548
843,549
843,550
844,551
845,551
845,553
846,553
846,554
846,555
847,556
848,556
848,557
848,558
849,559
850,559
850,561
851,561
851,562
852,562
852,564
853,564
853,565
853,566
854,567
855,567
855,568
855,569
856,570
857,570
857,571
857,572
858,573
859,573
859,574
859,575
860,576
861,576
861,577
861,578
862,579
863,579
863,580
863,581
864,582
865,582
865,583
866,583
866,585
867,585
867,586
868,586
868,587
868,588
869,589
870,589
870,590
870,591
871,592
872,592
872,593
872,594
873,595
874,595
874,596
874,597
875,598
876,598
876,599
876,600
877,601
878,601
878,602
878,603
879,604
880,604
880,605
880,606
881,607
882,607
882,608
882,609
883,610
884,610
884,612
885,612
885,613
886,613
886,615
887,616
888,616
888,617
888,618
889,619
890,619
890,620
890,621
891,622
892,622
892,623
892,624
893,625
894,625
894,627
895,627
895,628
896,628
896,630
897,630
897,631
897,632
898,633
899,633
899,635
900,635
900,636
900,637
901,638
902,638
902,639
903,639
903,641
904,641
904,642
905,642
905,644
906,645
907,645
907,646
907,647
908,648
909,648
909,649
910,649
910,651
911,651
911,652
911,653
912,654
913,654
913,655
913,656
914,657
915,657
915,658
915,659
916,660
917,660
917,661
917,662
918,663
919,663
919,664
919,665
920,666
921,666
921,668
922,668
922,669
922,670
923,671
924,671
924,672
924,673
925,673
925,674
925,675
926,676
927,676
927,677
927,678
928,678
928,679
928,680
929,681
930,681
930,682
930,683
931,683
931,684
932,684
932,686
933,686
933,687
933,688
934,688
934,689
935,689
935,691
936,691
936,692
937,692
937,694
938,694
938,695
939,695
939,697
940,697
940,698
941,698
941,700
942,700
942,701
943,701
943,703
944,703
944,704
945,704
945,705
945,706
946,706
946,707
947,707
947,709
948,709
948,710
948,711
949,712
950,712
950,713
950,714
951,714
951,715
951,716
952,717
953,717
953,718
954,718
954,720
956,720
957,721
957,722
959,722
960,722
961,723
961,724
962,724
962,725
963,725
963,726
964,726
964,727
964,728
965,729
966,729
966,730
966,731
967,731
967,732
967,733
968,734
969,734
969,736
970,736
970,737
970,738
971,738
971,739
971,740
972,740
972,741
972,742
973,742
973,743
973,744
974,744
974,745
974,746
975,747
975,748
976,749
977,749
977,751
978,751
978,753
979,753
979,754
979,755
980,755
980,756
980,757
981,758
982,758
982,760
983,760
983,761
983,762
984,763
985,763
985,764
985,765
986,765
986,766
987,766
987,767
987,768
988,769
989,769
989,770
990,770
990,771
991,771
991,773
992,773
992,774
993,774
993,775
994,775
994,776
994,777
995,778
996,778
996,779
997,779
997,780
997,781
998,782
999,782
999,783
0,784
0,785
1,785
1,786
2,786
2,788
3,788
3,789
4,789
4,791
5,791
5,792
5,793
6,794
7,794
7,796
8,796
8,797
8,798
9,799
10,799
10,801
11,801
11,802
11,803
12,804
13,804
13,805
13,806
14,807
15,807
15,808
15,809
16,809
16,810
17,810
17,812
18,812
18,813
18,814
19,815
20,815
20,816
20,817
21,818
22,818
22,819
22,820
23,821
24,821
24,822
24,823
25,824
26,824
26,825
27,825
27,827
28,827
28,828
29,828
29,830
30,831
31,831
31,832
32,832
32,833
33,833
33,834
34,834
34,836
35,836
35,837
36,837
36,839
37,839
37,840
38,840
38,842
39,842
39,843
39,844
40,845
41,845
41,846
41,847
42,848
43,848
43,849
44,849
44,851
45,851
45,852
46,852
46,854
47,854
47,855
48,855
48,857
49,858
50,858
50,860
51,861
52,861
52,863
53,863
53,864
53,865
54,866
55,866
55,868
56,868
56,869
56,870
57,871
58,871
58,872
58,873
59,874
60,874
60,875
60,876
61,877
62,877
62,878
62,879
63,880
64,880
64,881
64,882
65,883
66,883
66,884
67,884
67,886
68,886
68,887
69,887
69,889
70,890
71,890
71,891
71,892
72,893
73,893
73,894
73,895
74,896
75,896
75,897
76,897
76,899
77,899
77,900
78,900
78,902
79,903
80,903
80,905
81,906
82,906
82,908
83,908
83,909
84,909
84,911
85,911
85,912
85,913
86,914
87,914
87,916
88,916
88,917
88,918
89,919
89,920
90,921
91,921
91,923
92,923
92,924
92,925
93,926
94,926
94,927
94,928
95,929
96,929
96,930
96,931
97,932
98,932
98,933
98,934
99,935
100,935
100,937
101,938
102,938
102,940
103,941
104,941
104,943
105,944
106,944
106,946
107,947
108,947
108,948
108,949
109,950
110,950
110,952
111,953
112,953
112,955
113,956
114,956
114,958
115,959
116,959
116,961
117,962
118,962
118,964
119,965
120,965
120,966
121,966
121,968
122,968
122,969
123,969
123,971
124,972
125,972
125,973
125,974
126,975
127,975
127,976
128,976
128,978
129,979
130,979
130,981
131,982
132,982
132,984
133,985
134,985
134,987
135,987
135,988
135,989
136,990
137,990
137,992
138,992
138,993
138,994
139,995
140,995
140,997
141,997
141,998
142,0
142,1
143,1
143,3
144,3
144,4
145,4
145,6
146,6
146,7
147,7
147,9
148,9
148,10
149,10
149,12
150,12
150,13
151,13
151,15
152,15
152,16
153,16
153,18
154,18
154,19
155,19
155,21
156,21
156,22
157,22
157,24
158,25
159,25
159,27
160,28
161,28
161,29
161,30
162,31
163,31
163,32
163,33
164,34
165,34
165,36
166,37
167,37
167,39
168,40
169,40
169,42
170,42
170,43
170,44
171,45
172,45
172,46
172,47
173,48
174,48
174,49
174,50
175,51
176,51
176,52
176,53
177,54
178,54
178,55
178,56
179,57
180,57
180,58
180,59
181,60
182,60
182,61
183,61
183,63
184,64
185,64
185,66
186,67
187,67
187,68
187,69
188,70
189,70
189,71
190,71
190,73
191,73
191,74
192,74
192,76
193,76
193,77
193,78
194,79
195,79
195,81
196,82
197,82
197,84
198,84
198,86
199,87
199,88
200,89
201,89
201,91
202,92
203,92
203,94
204,94
204,96
205,97
206,97
206,99
207,99
207,100
207,101
208,102
209,102
209,104
210,104
210,105
210,106
211,107
212,107
212,109
213,110
214,110
214,112
215,113
216,113
216,115
217,116
218,116
218,118
219,119
220,119
220,121
221,122
222,122
222,124
223,125
224,125
224,127
225,128
226,128
226,129
226,130
227,131
228,131
228,132
229,132
229,134
230,135
231,135
231,136
232,136
232,138
233,139
234,139
234,140
235,140
235,142
236,143
237,143
237,144
238,144
238,146
239,147
240,147
240,149
241,150
242,150
242,151
243,151
243,153
244,153
244,154
245,154
245,156
246,156
246,157
246,158
247,159
248,159
248,161
249,162
250,162
250,164
251,164
251,165
251,166
252,167
253,167
253,169
254,170
255,170
255,172
256,172
256,173
257,173
257,175
258,175
258,176
258,177
259,178
260,178
260,180
261,181
262,181
262,183
263,184
264,184
264,186
265,187
266,187
266,189
267,190
268,190
268,192
269,192
269,193
269,194
270,195
271,195
271,197
272,198
273,198
273,200
274,200
274,201
274,202
275,203
276,203
276,205
277,205
277,206
277,207
278,208
279,208
279,210
280,211
281,211
281,213
282,214
283,214
283,216
284,217
285,217
285,219
286,220
287,220
287,222
288,223
289,223
289,225
290,225
290,226
291,226
291,228
292,228
292,229
292,230
293,231
294,231
294,232
294,233
295,234
296,234
296,236
297,237
298,237
298,239
299,240
300,240
300,242
301,243
302,243
302,245
303,246
304,246
304,247
304,248
305,249
306,249
306,250
306,251
307,252
308,252
308,253
309,253
309,255
310,255
310,256
311,256
311,258
312,258
312,259
313,259
313,261
314,262
315,262
315,264
316,265
317,265
317,267
318,268
319,268
319,270
320,271
321,271
321,273
322,273
322,274
322,275
323,276
324,276
324,278
325,279
326,279
326,281
327,281
327,282
327,283
328,284
329,284
329,286
330,286
330,287
331,287
331,289
332,289
332,290
332,291
333,292
334,292
334,294
335,295
336,295
336,297
337,298
338,298
338,300
339,301
340,301
340,303
341,304
342,304
342,306
343,307
344,307
344,308
344,309
345,310
346,310
346,311
347,311
347,313
348,313
348,314
349,314
349,316
350,316
350,317
351,317
351,319
352,319
352,320
352,321
353,322
354,322
354,323
354,324
355,325
356,325
356,327
357,328
358,328
358,329
358,330
359,331
360,331
360,332
361,332
361,334
362,334
362,335
363,335
363,337
364,337
364,338
365,338
365,340
366,341
367,341
367,343
368,343
368,344
369,344
369,346
370,346
370,347
371,347
371,349
372,349
372,350
372,351
373,352
374,352
374,353
374,354
375,355
376,355
376,357
377,358
378,358
378,360
379,360
379,361
379,362
380,363
381,363
381,365
382,365
382,366
383,366
383,368
384,368
384,369
384,370
385,371
386,371
386,372
386,373
387,374
388,374
388,376
389,376
389,377
390,377
390,379
391,379
391,380
391,381
392,382
393,382
393,383
393,384
394,385
395,385
395,387
396,388
397,388
397,390
398,391
399,391
399,393
400,394
401,394
401,396
402,397
403,397
403,399
404,400
405,400
405,401
405,402
406,403
407,403
407,404
407,405
408,406
409,406
409,407
410,407
410,409
411,409
411,410
412,410
412,412
413,413
414,413
414,415
415,416
416,416
416,417
416,418
417,419
418,419
418,420
419,420
419,422
420,422
420,423
421,423
421,425
422,426
423,426
423,427
423,428
424,429
425,429
425,430
425,431
426,432
427,432
427,434
428,434
428,435
428,436
429,437
430,437
430,439
431,439
431,440
431,441
432,442
433,442
433,443
433,444
434,445
435,445
435,447
436,447
436,448
437,448
437,450
438,450
438,451
438,452
439,453
440,453
440,454
440,455
441,456
442,456
442,458
443,459
444,459
444,461
445,461
445,462
446,462
446,464
447,464
447,465
447,466
448,467
449,467
449,468
449,469
450,470
451,470
451,471
451,472
452,473
453,473
453,475
454,475
454,476
455,476
455,478
456,479
457,479
457,480
457,481
458,482
459,482
459,483
460,483
460,485
461,485
461,486
462,486
462,488
463,488
463,489
464,489
464,491
465,491
465,492
466,492
466,494
467,494
467,495
468,495
468,497
469,497
469,498
469,499
470,500
471,500
471,501
471,502
472,502
472,503
473,503
473,505
474,505
474,506
475,506
475,508
476,508
476,509
477,509
477,511
478,511
478,512
479,512
479,514
480,514
480,515
480,516
481,517
482,517
482,518
482,519
483,519
483,520
484,520
484,522
485,522
485,523
486,523
486,525
487,525
487,526
488,526
488,528
489,528
489,529
490,529
490,531
491,531
491,532
492,532
492,534
493,534
493,535
494,535
494,537
495,537
495,538
496,538
496,539
496,540
497,541
498,541
498,542
499,542
499,544
500,544
500,545
501,545
501,546
501,547
502,548
503,548
503,550
504,550
504,551
504,552
505,553
506,553
506,554
506,555
507,555
507,556
507,557
508,558
509,558
509,559
509,560
510,561
511,561
511,562
511,563
512,564
513,564
513,566
514,566
514,567
515,567
515,569
516,569
516,570
517,570
517,572
518,572
518,573
518,574
519,575
520,575
520,576
520,577
521,578
522,578
522,579
522,580
523,581
524,581
524,582
524,583
525,584
526,584
526,585
527,585
527,587
528,587
528,588
529,588
529,590
530,590
530,591
531,591
531,593
532,593
532,594
532,595
533,596
534,596
534,597
534,598
535,599
536,599
536,600
536,601
537,602
538,602
538,603
538,604
539,605
540,605
540,606
541,606
541,608
542,608
542,609
543,609
543,611
544,612
545,612
545,613
545,614
546,615
547,615
547,616
547,617
548,618
549,618
549,619
549,620
550,621
551,621
551,622
551,623
552,624
553,624
553,625
553,626
554,627
555,627
555,629
556,629
556,630
557,630
557,632
558,632
558,633
558,634
559,635
560,635
560,637
561,637
561,638
561,639
562,640
563,640
563,642
564,643
565,643
565,645
566,646
567,646
567,648
568,649
569,649
569,651
570,652
571,652
571,654
572,655
573,655
573,657
574,657
574,658
575,658
575,660
576,660
576,661
577,661
577,663
578,663
578,664
579,664
579,666
580,666
580,667
581,667
581,669
582,669
582,670
582,671
583,672
584,672
584,673
584,674
585,675
586,675
586,677
587,677
587,678
588,678
588,680
589,680
589,681
590,681
590,683
591,683
591,684
592,684
592,686
593,686
593,687
593,688
594,689
595,689
595,690
595,691
596,692
597,692
597,694
598,695
599,695
599,697
600,698
601,698
601,699
601,700
602,701
603,701
603,702
604,702
604,704
605,704
605,705
606,705
606,706
606,707
607,708
608,708
608,709
608,710
609,711
610,711
610,712
610,713
611,714
612,714
612,716
613,716
613,717
613,718
614,719
615,719
615,720
615,721
616,722
617,722
617,724
618,725
619,725
619,726
619,727
620,728
621,728
621,729
622,729
622,731
623,731
623,732
624,732
624,734
625,734
625,735
626,735
626,737
627,737
627,738
628,738
628,740
629,740
629,741
629,742
630,743
631,743
631,744
631,745
632,746
633,746
633,747
633,748
634,749
635,749
635,751
636,751
636,752
637,752
637,754
638,754
638,755
638,756
639,757
640,757
640,759
641,759
641,760
642,760
642,762
643,762
643,763
643,764
644,765
645,765
645,766
645,767
646,768
647,768
647,770
648,771
649,771
649,773
650,773
650,774
651,774
651,776
652,776
652,777
653,777
653,779
654,779
654,780
654,781
655,782
656,782
656,783
656,784
657,785
658,785
658,786
658,787
659,788
660,788
660,790
661,791
662,791
662,793
663,793
663,794
663,795
664,796
665,796
665,798
666,799
667,799
667,801
668,801
668,802
668,803
669,804
670,804
670,806
671,807
672,807
672,808
672,809
673,810
674,810
674,811
674,812
675,813
676,813
676,814
676,815
677,816
678,816
678,817
678,818
679,819
680,819
680,820
680,821
681,822
682,822
682,823
682,824
683,825
684,825
684,826
684,827
685,828
686,828
686,829
686,830
687,831
688,831
688,833
689,833
689,834
690,834
690,836
691,836
691,837
691,838
692,839
693,839
693,841
694,841
694,842
695,842
695,844
696,844
696,845
696,846
697,847
698,847
698,848
698,849
699,850
700,850
700,851
700,852
701,853
702,853
702,854
702,855
703,856
704,856
704,857
704,858
705,859
706,859
706,860
707,860
707,862
708,862
708,863
709,863
709,865
710,865
710,866
711,866
711,868
712,868
712,869
712,870
713,871
714,871
714,872
714,873
715,874
716,874
716,876
717,876
717,877
717,878
718,879
719,879
719,881
720,882
721,882
721,884
722,884
722,885
723,885
723,887
724,887
724,888
725,888
725,890
726,890
726,891
727,891
727,893
728,893
728,894
729,894
729,896
730,896
730,897
731,897
731,899
732,899
732,900
733,900
733,902
734,902
734,903
735,903
735,905
736,905
736,906
737,906
737,908
738,908
738,909
739,909
739,911
740,911
740,912
740,913
741,914
742,914
742,916
743,916
743,917
743,918
744,919
745,919
745,921
746,922
747,922
747,924
748,925
749,925
749,927
750,928
751,928
751,930
752,931
753,931
753,933
754,934
755,934
755,936
756,937
757,937
757,939
758,940
759,940
759,941
759,942
760,943
761,943
761,944
761,945
762,946
763,946
763,947
763,948
764,949
765,949
765,950
765,951
766,952
767,952
767,954
768,955
769,955
769,957
770,957
770,958
770,959
771,960
772,960
772,962
773,962
773,963
774,963
774,965
775,965
775,966
776,966
776,967
777,967
777,968
777,969
778,970
779,970
779,971
779,972
780,973
781,973
781,974
781,975
782,976
783,976
783,977
783,978
784,979
785,979
785,980
786,980
786,982
787,982
787,983
788,983
788,985
789,986
790,986
790,988
791,989
792,989
792,991
793,992
794,992
794,994
795,995
796,995
796,997
797,998
798,998
798,1
799,2
800,2
800,4
801,4
801,5
802,5
802,7
803,7
803,8
804,8
804,10
805,10
805,11
806,11
806,13
807,13
807,14
808,14
808,16
809,17
810,17
810,19
811,20
812,20
812,22
813,22
813,23
814,23
814,25
815,25
815,26
815,27
816,28
817,28
817,30
818,31
819,31
819,33
820,33
820,34
820,35
821,36
822,36
822,38
823,38
823,39
823,40
824,41
825,41
825,42
825,43
826,44
827,44
827,45
827,46
828,47
829,47
829,48
829,49
830,50
831,50
831,52
832,53
833,53
833,55
834,55
834,56
834,57
835,58
836,58
836,59
836,60
837,61
838,61
838,62
838,63
839,64
840,64
840,65
841,65
841,67
842,67
842,68
843,68
843,70
844,71
845,71
845,73
846,74
847,74
847,76
848,77
849,77
849,79
850,80
851,80
851,82
852,83
853,83
853,85
854,86
855,86
855,88
856,89
857,89
857,90
857,91
858,92
859,92
859,93
859,94
860,95
861,95
861,96
861,97
862,98
863,98
863,99
863,100
864,101
865,101
865,102
866,102
866,104
867,104
867,105
868,105
868,107
869,107
869,108
869,109
870,110
871,110
871,111
871,112
872,113
873,113
873,115
874,115
874,116
874,117
875,118
876,118
876,120
877,120
877,121
878,121
878,123
879,123
879,124
879,125
880,126
881,126
881,127
881,128
882,129
883,129
883,130
883,131
884,132
885,132
885,133
885,134
886,135
887,135
887,137
888,138
889,138
889,140
890,141
891,141
891,142
891,143
892,144
893,144
893,145
894,145
894,147
895,148
896,148
896,149
896,150
897,151
898,151
898,152
899,152
899,154
900,154
900,155
901,155
901,157
902,157
902,158
903,158
903,160
904,161
905,161
905,162
905,163
906,164
907,164
907,165
908,165
908,167
909,167
909,168
910,168
910,170
911,170
911,171
912,171
912,173
913,173
913,174
914,174
914,176
915,176
915,177
916,177
916,179
917,179
917,180
918,180
918,182
919,182
919,183
919,184
920,185
921,185
921,186
921,187
922,188
923,188
923,190
924,190
924,191
925,191
925,193
926,193
926,194
926,195
927,196
928,196
928,198
929,198
929,199
929,200
930,201
931,201
931,202
931,203
932,204
933,204
933,206
934,206
934,207
935,207
935,209
936,209
936,210
937,210
937,212
938,212
938,213
938,214
939,215
940,215
940,216
940,217
941,218
942,218
942,219
942,220
943,220
943,221
944,221
944,223
945,223
945,224
946,224
946,226
947,226
947,227
948,227
948,229
949,229
949,230
950,230
950,232
951,232
951,233
952,233
952,235
953,235
953,236
954,236
954,237
955,237
955,239
956,239
956,240
957,240
957,242
958,242
958,243
958,244
959,245
960,245
960,246
961,246
961,248
962,248
962,249
963,249
963,251
964,251
964,252
965,252
965,254
966,254
966,255
967,255
967,256
967,257
968,258
969,258
969,259
969,260
970,261
971,261
971,262
971,263
972,264
973,264
973,265
973,266
974,266
974,267
975,267
975,269
976,269
976,270
976,271
977,272
978,272
978,274
979,274
979,275
979,276
980,277
981,277
981,278
981,279
982,280
983,280
983,281
983,282
984,283
985,283
985,284
986,284
986,286
987,286
987,287
988,287
988,289
989,289
989,290
990,290
990,292
991,292
991,293
992,293
992,294
992,295
993,295
993,296
994,296
994,297
994,298
995,299
996,299
996,300
997,300
997,302
998,302
998,303
999,303
999,304
0,305
0,306
1,306
1,307
2,307
2,309
3,309
3,310
4,310
4,312
5,312
5,313
5,314
6,315
7,315
7,316
7,317
8,317
8,318
9,318
9,320
10,320
10,321
11,321
11,323
12,323
12,324
13,324
13,326
14,326
14,327
15,327
15,329
16,329
16,330
17,330
17,332
18,332
18,333
19,333
19,335
20,335
20,336
21,336
21,338
22,338
22,339
23,339
23,341
24,341
24,342
25,342
25,344
26,344
26,345
27,345
27,346
27,347
28,348
29,348
29,349
29,350
30,351
31,351
31,352
31,353
32,353
32,354
33,354
33,356
34,356
34,357
35,357
35,359
36,359
36,360
37,360
37,362
38,362
38,363
39,363
39,364
39,365
40,366
41,366
41,367
41,368
42,369
43,369
43,370
43,371
44,371
44,372
45,372
45,374
46,374
46,375
47,375
47,377
48,377
48,378
48,379
49,380
50,380
50,381
50,382
51,383
52,383
52,384
52,385
53,386
54,386
54,387
54,388
55,389
56,389
56,390
56,391
57,392
58,392
58,393
58,394
59,395
60,395
60,396
60,397
61,398
62,398
62,399
62,400
63,401
64,401
64,402
64,403
65,404
66,404
66,405
66,406
67,407
68,407
68,408
69,408
69,410
70,410
70,411
71,411
71,413
72,413
72,414
73,414
73,416
74,416
74,417
75,417
75,419
76,419
76,420
77,420
77,422
78,422
78,423
79,423
79,425
80,426
81,426
81,428
82,429
83,429
83,431
84,431
84,432
85,432
85,434
86,434
86,435
86,436
87,437
88,437
88,439
89,439
89,440
89,441
90,442
91,442
91,444
92,445
93,445
93,447
94,447
94,448
95,448
95,450
96,450
96,451
96,452
97,453
98,453
98,454
98,455
99,456
100,456
100,458
101,459
102,459
102,461
103,461
103,462
104,462
104,464
105,464
105,465
106,465
106,467
107,467
107,468
108,468
108,470
109,470
109,471
110,471
110,473
111,473
111,474
112,474
112,476
113,476
113,477
113,478
114,479
115,479
115,480
115,481
116,482
117,482
117,483
117,484
118,485
119,485
119,486
119,487
120,488
121,488
121,489
121,490
122,491
123,491
123,492
123,493
124,494
125,494
125,495
125,496
126,497
127,497
127,498
127,499
128,500
129,500
129,501
130,501
130,503
131,503
131,504
132,504
132,506
133,507
134,507
134,509
135,510
136,510
136,512
137,512
137,513
138,513
138,515
139,515
139,516
139,517
140,518
141,518
141,520
142,521
143,521
143,523
144,523
144,524
144,525
145,526
146,526
146,527
146,528
147,529
148,529
148,530
148,531
149,532
150,532
150,533
150,534
151,535
152,535
152,536
152,537
153,538
154,538
154,539
155,539
155,541
156,542
157,542
157,543
157,544
158,545
159,545
159,546
160,546
160,548
161,549
162,549
162,551
163,552
164,552
164,554
165,555
166,555
166,557
167,558
168,558
168,560
169,560
169,561
169,562
170,563
171,563
171,565
172,566
173,566
173,568
174,568
174,569
174,570
175,571
176,571
176,573
177,574
178,574
178,576
179,576
179,577
179,578
180,579
181,579
181,580
181,581
182,582
183,582
183,583
184,583
184,585
185,585
185,586
186,586
186,588
187,589
188,589
188,591
189,592
190,592
190,594
191,594
191,595
192,595
192,597
193,597
193,598
193,599
194,600
195,600
195,602
196,603
197,603
197,605
198,605
198,606
199,606
199,608
200,608
200,609
200,610
201,611
202,611
202,613
203,613
203,614
203,615
204,616
205,616
205,617
205,618
206,619
207,619
207,621
208,622
209,622
209,623
209,624
210,625
211,625
211,626
212,626
212,628
213,628
213,629
214,629
214,631
215,632
216,632
216,634
217,635
218,635
218,637
219,638
220,638
220,640
221,641
222,641
222,643
223,644
224,644
224,646
225,647
226,647
226,649
227,650
228,650
228,652
229,652
229,653
230,653
230,655
231,655
231,656
232,656
232,658
233,658
233,659
234,659
234,661
235,661
235,662
236,662
236,664
237,664
237,665
238,665
238,667
239,667
239,668
240,668
240,670
241,670
241,671
241,672
242,673
243,673
243,674
243,675
244,676
245,676
245,678
246,679
247,679
247,681
248,681
248,682
248,683
249,684
250,684
250,686
251,687
252,687
252,689
253,690
254,690
254,692
255,692
255,693
255,694
256,695
257,695
257,697
258,698
259,698
259,700
260,701
261,701
261,703
262,704
263,704
263,705
263,706
264,707
265,707
265,708
266,708
266,710
267,710
267,711
268,711
268,713
269,714
270,714
270,716
271,716
271,717
272,717
272,719
273,719
273,720
274,720
274,722
275,722
275,723
276,723
276,725
277,725
277,726
278,726
278,728
279,728
279,729
280,729
280,731
281,731
281,732
282,732
282,734
283,735
284,735
284,737
285,738
286,738
286,740
287,741
288,741
288,742
288,743
289,744
290,744
290,745
290,746
291,747
292,747
292,748
292,749
293,750
294,750
294,752
295,753
296,753
296,755
297,755
297,756
297,757
298,758
299,758
299,760
300,761
301,761
301,763
302,763
302,764
302,765
303,766
304,766
304,768
305,769
306,769
306,771
307,772
308,772
308,774
309,774
309,775
309,776
310,777
311,777
311,779
312,780
313,780
313,782
314,783
315,783
315,785
316,786
317,786
317,788
318,788
318,789
319,789
319,791
320,791
320,792
321,792
321,794
322,794
322,795
323,795
323,797
324,797
324,798
324,799
325,800
326,800
326,802
327,803
328,803
328,805
329,806
330,806
330,808
331,809
332,809
332,811
333,812
334,812
334,813
335,813
335,815
336,815
336,816
337,816
337,818
338,819
339,819
339,820
340,820
340,822
341,823
342,823
342,824
342,825
343,826
344,826
344,827
344,828
345,829
346,829
346,830
346,831
347,832
348,832
348,834
349,835
350,835
350,837
351,837
351,838
351,839
352,840
353,840
353,842
354,842
354,843
354,844
355,845
356,845
356,847
357,848
358,848
358,850
359,850
359,851
359,852
360,853
361,853
361,854
361,855
362,856
363,856
363,858
364,858
364,859
365,859
365,861
366,861
366,862
367,862
367,864
368,864
368,865
369,865
369,867
370,868
371,868
371,870
372,871
373,871
373,873
374,874
375,874
375,876
376,877
377,877
377,879
378,880
379,880
379,882
380,883
381,883
381,885
382,886
383,886
383,887
383,888
384,889
385,889
385,890
386,890
386,892
387,893
388,893
388,894
389,894
389,896
390,896
390,897
391,897
391,899
392,900
393,900
393,902
394,903
395,903
395,905
396,905
396,906
397,906
397,908
398,908
398,909
398,910
399,911
400,911
400,913
401,913
401,914
401,915
402,916
403,916
403,918
404,918
404,919
404,920
405,921
406,921
406,922
406,923
407,924
408,924
408,926
409,926
409,927
410,927
410,929
411,929
411,930
411,931
412,932
413,932
413,934
414,934
414,935
414,936
415,937
416,937
416,938
416,939
417,940
418,940
418,942
419,942
419,943
420,943
420,945
421,945
421,946
422,946
422,948
423,948
423,949
424,949
424,951
425,951
425,952
426,952
426,954
427,955
428,955
428,956
428,957
429,958
430,958
430,959
431,959
431,961
432,961
432,962
433,962
433,964
434,965
435,965
435,966
435,967
436,968
437,968
437,969
437,970
438,971
439,971
439,972
440,972
440,974
441,974
441,975
442,975
442,977
443,977
443,978
444,978
444,980
445,980
445,981
446,981
446,983
447,984
448,984
448,985
448,986
449,987
450,987
450,988
450,989
451,990
452,990
452,991
452,992
453,993
454,993
454,994
454,995
455,996
456,996
456,998
457,998
457,999
458,0
458,1
458,2
459,3
460,3
460,5
461,5
461,6
461,7
462,8
463,8
463,9
463,10
464,11
465,11
465,13
466,13
466,14
467,14
467,16
468,16
468,17
468,18
469,19
470,19
470,20
470,21
471,22
472,22
472,23
472,24
473,25
474,25
474,26
474,27
475,28
476,28
476,29
477,29
477,31
478,31
478,32
479,32
479,34
480,35
481,35
481,37
482,38
483,38
483,39
483,40
484,41
485,41
485,42
485,43
486,44
487,44
487,45
488,45
488,47
489,47
489,48
490,48
490,50
491,50
491,51
492,51
492,53
493,53
493,54
494,54
494,56
495,56
495,57
495,58
496,59
497,59
497,60
497,61
498,62
499,62
499,64
500,64
500,65
500,66
501,67
502,67
502,69
503,69
503,70
503,71
504,72
505,72
505,73
505,74
506,74
506,75
507,75
507,77
508,77
508,78
508,79
509,80
510,80
510,82
511,82
511,83
511,84
512,85
513,85
513,87
514,87
514,88
515,88
515,90
516,90
516,91
516,92
517,93
518,93
518,94
518,95
519,96
520,96
520,97
520,98
521,99
522,99
522,100
522,101
523,102
524,102
524,103
525,103
525,105
526,106
527,106
527,107
528,107
528,108
529,108
529,110
530,110
530,111
531,111
531,112
532,112
532,114
533,114
533,115
534,115
534,117
535,117
535,118
536,118
536,120
537,120
537,121
538,121
538,123
539,123
539,124
540,124
540,126
541,126
541,127
542,127
542,129
543,129
543,130
544,130
544,132
545,132
545,133
546,133
546,135
547,135
547,136
547,137
548,138
549,138
549,139
549,140
550,141
551,141
551,143
552,143
552,144
552,145
553,146
554,146
554,148
555,148
555,149
556,149
556,151
557,151
557,152
557,153
558,154
559,154
559,156
560,156
560,157
560,158
561,159
562,159
562,161
563,161
563,162
563,163
564,164
565,164
565,166
566,166
566,167
567,167
567,169
568,169
568,170
569,170
569,172
570,172
570,173
570,174
571,175
572,175
572,176
573,176
573,178
574,178
574,179
575,179
575,181
576,182
577,182
577,183
578,183
578,185
579,185
579,186
580,186
580,187
581,187
581,189
582,189
582,190
583,190
583,192
584,193
585,193
585,194
585,195
586,196
587,196
587,197
587,198
588,199
589,199
589,200
589,201
590,202
591,202
591,203
591,204
592,205
593,205
593,206
593,207
594,208
595,208
595,209
595,210
596,211
597,211
597,213
598,214
599,214
599,216
600,216
600,217
600,218
601,219
602,219
602,220
602,221
603,222
604,222
604,224
605,224
605,225
605,226
606,227
607,227
607,229
608,229
608,230
608,231
609,232
610,232
610,234
611,234
611,235
611,236
612,237
613,237
613,239
614,240
615,240
615,242
616,242
616,243
616,244
617,245
618,245
618,247
619,248
620,248
620,250
621,251
622,251
622,253
623,253
623,254
624,254
624,256
625,256
625,257
626,257
626,259
627,259
627,260
628,260
628,262
629,262
629,263
630,263
630,265
631,265
631,266
632,266
632,268
633,269
634,269
634,270
634,271
635,272
636,272
636,273
636,274
637,275
638,275
638,276
639,276
639,278
640,278
640,279
641,279
641,281
642,281
642,282
643,282
643,284
644,284
644,285
644,286
645,287
646,287
646,288
646,289
647,290
648,290
648,291
648,292
649,293
650,293
650,295
651,296
652,296
652,298
653,299
654,299
654,301
655,301
655,302
656,302
656,304
657,304
657,305
657,306
658,307
659,307
659,309
660,310
661,310
661,312
662,312
662,313
662,314
663,315
664,315
664,317
665,317
665,318
665,319
666,320
667,320
667,322
668,323
669,323
669,325
670,325
670,326
670,327
671,328
672,328
672,329
672,330
673,331
674,331
674,332
674,333
675,334
676,334
676,335
676,336
677,337
678,337
678,338
679,338
679,340
680,340
680,341
681,341
681,343
682,344
683,344
683,345
683,346
684,347
685,347
685,348
686,348
686,350
687,350
687,351
687,352
688,353
689,353
689,354
689,355
690,356
691,356
691,357
692,357
692,359
693,359
693,360
693,361
694,362
695,362
695,363
695,364
696,365
697,365
697,366
697,367
698,368
699,368
699,369
699,370
700,371
701,371
701,372
701,373
702,374
703,374
703,375
703,376
704,377
705,377
705,378
705,379
706,380
707,380
707,381
708,381
708,383
709,383
709,384
710,384
710,386
711,386
711,387
711,388
712,389
713,389
713,391
714,391
714,392
714,393
715,394
716,394
716,396
717,396
717,397
717,398
718,399
719,399
719,401
720,401
720,402
721,402
721,404
722,404
722,405
723,405
723,407
724,407
724,408
725,408
725,410
726,410
726,411
727,411
727,413
728,413
728,414
728,415
729,416
730,416
730,417
730,418
731,419
732,419
732,420
732,421
733,422
734,422
734,424
735,425
736,425
736,427
737,427
737,428
738,428
738,430
739,430
739,431
739,432
740,433
741,433
741,434
741,435
742,436
743,436
743,437
743,438
744,439
745,439
745,440
745,441
746,442
747,442
747,443
747,444
748,445
749,445
749,446
749,447
750,448
751,448
751,450
752,451
753,451
753,453
754,453
754,454
755,454
755,456
756,456
756,457
757,457
757,459
758,459
758,460
759,460
759,462
760,462
760,463
761,463
761,465
762,465
762,466
763,466
763,468
764,468
764,469
764,470
765,471
766,471
766,473
767,473
767,474
767,475
768,476
769,476
769,478
770,478
770,479
771,479
771,481
772,481
772,482
773,482
773,484
774,484
774,485
775,485
775,487
776,487
776,488
777,488
777,490
778,491
779,491
779,493
780,494
781,494
781,495
781,496
782,497
783,497
783,498
784,498
784,500
785,500
785,501
786,501
786,502
786,503
787,504
788,504
788,505
789,505
789,507
790,507
790,508
791,508
791,510
792,510
792,511
793,511
793,513
794,513
794,514
794,515
795,516
796,516
796,517
796,518
797,519
798,519
798,521
799,521
799,522
800,522
800,524
801,524
801,525
802,525
802,527
803,527
803,528
804,528
804,530
805,530
805,531
806,531
806,533
807,533
807,534
808,534
808,536
809,536
809,537
809,538
810,539
811,539
811,540
811,541
812,542
813,542
813,543
813,544
814,544
814,545
815,545
815,547
816,547
816,548
816,549
817,550
818,550
818,551
818,552
819,553
820,553
820,554
820,555
821,556
822,556
822,557
822,558
823,559
824,559
824,561
825,561
825,562
826,562
826,564
827,564
827,565
828,565
828,567
829,567
829,568
830,568
830,570
831,570
831,571
832,571
832,573
833,573
833,574
834,574
834,576
835,576
835,577
836,577
836,578
836,579
837,580
838,580
838,581
839,581
839,583
840,584
841,584
841,585
841,586
842,587
843,587
843,588
844,588
844,590
845,590
845,591
845,592
846,593
847,593
847,594
847,595
848,596
849,596
849,597
849,598
850,599
851,599
851,600
851,601
852,602
853,602
853,603
853,604
854,605
855,605
855,606
856,606
856,608
857,608
857,609
858,609
858,611
859,611
859,612
860,612
860,614
861,614
861,615
862,615
862,617
863,617
863,618
863,619
864,620
865,620
865,621
865,622
866,623
867,623
867,625
868,625
868,626
869,626
869,628
870,628
870,629
870,630
871,631
872,631
872,633
873,633
873,634
873,635
874,636
875,636
875,637
875,638
876,638
876,639
877,639
877,640
877,641
878,642
879,642
879,643
879,644
880,645
881,645
881,646
882,646
882,648
883,648
883,649
884,649
884,651
885,651
885,652
886,652
886,654
887,654
887,655
888,655
888,657
889,657
889,658
890,658
890,660
891,660
891,661
892,661
892,662
892,663
893,663
893,664
894,664
894,665
894,666
895,666
895,667
896,667
896,668
896,669
897,669
897,670
898,670
898,672
899,672
899,673
899,674
900,675
901,675
901,676
901,677
902,678
903,678
903,679
903,680
904,681
905,681
905,682
905,683
906,684
907,684
907,685
907,686
908,686
908,687
909,687
909,688
909,689
910,689
910,690
911,690
911,691
911,692
912,692
912,693
913,693
913,694
913,695
914,695
914,696
915,696
915,698
916,698
916,699
916,700
917,701
918,701
918,702
918,703
919,704
920,704
920,705
920,706
921,706
921,707
922,707
922,709
923,709
923,710
923,711
924,712
925,712
925,713
925,714
926,714
926,715
927,715
927,716
927,717
928,717
928,718
929,718
929,719
929,720
930,720
930,721
931,721
931,723
932,723
932,724
932,725
933,726
934,726
934,727
934,728
935,728
935,729
935,730
936,731
937,731
937,732
937,733
938,733
938,734
939,734
939,736
940,736
940,737
940,738
941,739
942,739
942,740
942,741
943,741
943,742
944,742
944,744
945,744
945,745
945,746
946,746
946,747
947,747
947,749
948,749
948,750
949,750
949,751
951,751
952,751
952,752
954,752
955,753
955,755
956,755
956,756
957,756
957,757
957,758
958,758
958,759
958,760
959,760
959,761
959,762
960,762
960,763
960,764
961,765
962,765
962,767
963,767
963,769
964,769
964,770
964,771
965,771
965,772
965,773
966,773
966,774
966,775
967,775
967,776
967,777
968,777
968,778
968,779
969,780
970,780
970,781
970,782
971,782
971,783
972,783
972,785
973,785
973,786
974,786
974,787
975,787
975,788
976,788
976,790
977,790
977,791
978,791
978,792
979,792
979,794
980,794
980,795
980,796
981,797
982,797
982,798
982,799
983,799
983,800
984,800
984,802
985,802
985,803
985,804
986,804
986,805
987,805
987,807
988,807
988,808
988,809
989,809
989,810
989,811
990,812
991,812
991,813
991,814
992,814
992,815
992,816
993,817
994,817
994,818
995,818
995,820
996,820
996,821
997,821
997,822
998,822
998,823
999,823
999,824
0,825
0,826
1,827
2,827
2,828
2,829
3,830
4,830
4,831
4,832
5,832
5,833
6,833
6,835
7,835
7,836
8,836
8,838
9,838
9,839
9,840
10,840
10,841
11,841
11,843
12,843
12,844
12,845
13,845
13,846
13,847
14,848
15,848
15,849
15,850
16,851
17,851
17,852
18,852
18,854
19,854
19,855
20,855
20,856
21,856
21,857
21,858
22,858
22,859
23,859
23,860
24,860
24,861
24,862
25,862
25,863
26,863
26,864
26,865
27,865
27,866
28,866
28,868
29,868
29,869
29,870
30,870
30,871
30,872
31,872
31,873
32,873
32,874
32,875
33,875
33,876
34,876
34,878
35,878
35,879
36,879
36,880
37,880
37,881
37,882
38,882
38,883
39,883
39,884
39,885
40,885
40,886
40,887
41,887
41,888
41,889
42,889
42,890
43,890
43,891
16445,57357
